INSERT INTO public.pawrent_pets (id, name, picture, "type", race, created_at, updated_at, age, weight, deleted_at, parent_id) VALUES('b650a1ef-a432-4677-91fe-a7bed72a4293'::uuid, 'doggy kedua nopai', 'https://www.google.com/imgres?imgurl=https%3A%2F%2Fimages.pexels.com%2Fphotos%2F1805164%2Fpexels-photo-1805164.jpeg%3Fauto%3Dcompress%26cs%3Dtinysrgb%26dpr%3D1%26w%3D500&imgrefurl=https%3A%2F%2Fwww.pexels.com%2Fsearch%2Fdog%2F&tbnid=D9z6FikNJLH5dM&vet=12ahUKEwj-7JnE5cr2AhVaXWwGHRGzD9sQMygAegUIARDZAQ..i&docid=NzcFCDirz3vE7M&w=500&h=750&q=dog%20pictures&ved=2ahUKEwj-7JnE5cr2AhVaXWwGHRGzD9sQMygAegUIARDZAQ', 'Anjing', 'pom', '2022-04-07 18:55:36.179', '2022-04-07 18:55:36.179', 12, '2 kg', NULL, '5fd0a39b-f75d-493c-b410-7ced84100e38'::uuid);
INSERT INTO public.pawrent_pets (id, name, picture, "type", race, created_at, updated_at, age, weight, deleted_at, parent_id) VALUES('2642f732-0ae3-49b8-ae5e-90834ba69028'::uuid, 'test 1', 'https://www.google.com/imgres?imgurl=https%3A%2F%2Fimages.pexels.com%2Fphotos%2F1805164%2Fpexels-photo-1805164.jpeg%3Fauto%3Dcompress%26cs%3Dtinysrgb%26dpr%3D1%26w%3D500&imgrefurl=https%3A%2F%2Fwww.pexels.com%2Fsearch%2Fdog%2F&tbnid=D9z6FikNJLH5dM&vet=12ahUKEwj-7JnE5cr2AhVaXWwGHRGzD9sQMygAegUIARDZAQ..i&docid=NzcFCDirz3vE7M&w=500&h=750&q=dog%20pictures&ved=2ahUKEwj-7JnE5cr2AhVaXWwGHRGzD9sQMygAegUIARDZAQ', 'Anjing', 'fsdf', '2022-04-05 02:43:11.493', '2022-04-05 02:43:11.493', 12, '3 kg', NULL, '2a7591d4-1c9a-4dfe-9bff-09b0c5829c2f'::uuid);
INSERT INTO public.pawrent_pets (id, name, picture, "type", race, created_at, updated_at, age, weight, deleted_at, parent_id) VALUES('84feac5d-0601-4c6d-8005-33e7bd357fce'::uuid, 'doggy barunya nopai', 'https://www.google.com/imgres?imgurl=https%3A%2F%2Fimages.pexels.com%2Fphotos%2F1805164%2Fpexels-photo-1805164.jpeg%3Fauto%3Dcompress%26cs%3Dtinysrgb%26dpr%3D1%26w%3D500&imgrefurl=https%3A%2F%2Fwww.pexels.com%2Fsearch%2Fdog%2F&tbnid=D9z6FikNJLH5dM&vet=12ahUKEwj-7JnE5cr2AhVaXWwGHRGzD9sQMygAegUIARDZAQ..i&docid=NzcFCDirz3vE7M&w=500&h=750&q=dog%20pictures&ved=2ahUKEwj-7JnE5cr2AhVaXWwGHRGzD9sQMygAegUIARDZAQ', 'Anjing', 'corgy', '2022-04-13 09:12:34.089', '2022-04-13 09:12:34.089', 12, '4 kg', NULL, '439272a1-bbcc-4d7b-bdae-f557c7ce99d7'::uuid);
INSERT INTO public.pawrent_pets (id, name, picture, "type", race, created_at, updated_at, age, weight, deleted_at, parent_id) VALUES('e0b1305e-919c-47fe-847d-39872e52b967'::uuid, 'bubu', 'https://www.google.com/imgres?imgurl=https%3A%2F%2Fimages.pexels.com%2Fphotos%2F1805164%2Fpexels-photo-1805164.jpeg%3Fauto%3Dcompress%26cs%3Dtinysrgb%26dpr%3D1%26w%3D500&imgrefurl=https%3A%2F%2Fwww.pexels.com%2Fsearch%2Fdog%2F&tbnid=D9z6FikNJLH5dM&vet=12ahUKEwj-7JnE5cr2AhVaXWwGHRGzD9sQMygAegUIARDZAQ..i&docid=NzcFCDirz3vE7M&w=500&h=750&q=dog%20pictures&ved=2ahUKEwj-7JnE5cr2AhVaXWwGHRGzD9sQMygAegUIARDZAQ', 'Anjing', 'pom', '2022-04-06 17:47:18.205', '2022-04-06 17:47:18.205', 12, '4 kg', NULL, '8e51c362-ba77-43f8-890b-529d961613f0'::uuid);
INSERT INTO public.pawrent_pets (id, name, picture, "type", race, created_at, updated_at, age, weight, deleted_at, parent_id) VALUES('c3546555-f8ff-4f9b-a690-78c9965504d1'::uuid, 'bubuu', 'https://www.google.com/imgres?imgurl=https%3A%2F%2Fimages.pexels.com%2Fphotos%2F1805164%2Fpexels-photo-1805164.jpeg%3Fauto%3Dcompress%26cs%3Dtinysrgb%26dpr%3D1%26w%3D500&imgrefurl=https%3A%2F%2Fwww.pexels.com%2Fsearch%2Fdog%2F&tbnid=D9z6FikNJLH5dM&vet=12ahUKEwj-7JnE5cr2AhVaXWwGHRGzD9sQMygAegUIARDZAQ..i&docid=NzcFCDirz3vE7M&w=500&h=750&q=dog%20pictures&ved=2ahUKEwj-7JnE5cr2AhVaXWwGHRGzD9sQMygAegUIARDZAQ', 'Anjing', 'pom', '2022-04-06 17:50:19.010', '2022-04-06 17:50:19.010', 1, '1 kg', NULL, '8e51c362-ba77-43f8-890b-529d961613f0'::uuid);
INSERT INTO public.pawrent_pets (id, name, picture, "type", race, created_at, updated_at, age, weight, deleted_at, parent_id) VALUES('10645da3-89e5-4ab0-8f59-05baa03ea520'::uuid, 'doggy nya Azka', 'https://www.google.com/imgres?imgurl=https%3A%2F%2Fimages.pexels.com%2Fphotos%2F1805164%2Fpexels-photo-1805164.jpeg%3Fauto%3Dcompress%26cs%3Dtinysrgb%26dpr%3D1%26w%3D500&imgrefurl=https%3A%2F%2Fwww.pexels.com%2Fsearch%2Fdog%2F&tbnid=D9z6FikNJLH5dM&vet=12ahUKEwj-7JnE5cr2AhVaXWwGHRGzD9sQMygAegUIARDZAQ..i&docid=NzcFCDirz3vE7M&w=500&h=750&q=dog%20pictures&ved=2ahUKEwj-7JnE5cr2AhVaXWwGHRGzD9sQMygAegUIARDZAQ', 'Anjing', 'pom', '2022-04-05 08:14:31.188', '2022-04-05 08:14:31.188', 12, '1 kg', NULL, '8e51c362-ba77-43f8-890b-529d961613f0'::uuid);
INSERT INTO public.pawrent_pets (id, name, picture, "type", race, created_at, updated_at, age, weight, deleted_at, parent_id) VALUES('93f862b2-6077-412d-b9fa-03d43ceb1e50'::uuid, 'kucingnya Azkaa', 'https://www.google.com/imgres?imgurl=https%3A%2F%2Fimages.pexels.com%2Fphotos%2F1805164%2Fpexels-photo-1805164.jpeg%3Fauto%3Dcompress%26cs%3Dtinysrgb%26dpr%3D1%26w%3D500&imgrefurl=https%3A%2F%2Fwww.pexels.com%2Fsearch%2Fdog%2F&tbnid=D9z6FikNJLH5dM&vet=12ahUKEwj-7JnE5cr2AhVaXWwGHRGzD9sQMygAegUIARDZAQ..i&docid=NzcFCDirz3vE7M&w=500&h=750&q=dog%20pictures&ved=2ahUKEwj-7JnE5cr2AhVaXWwGHRGzD9sQMygAegUIARDZAQ', 'Kucing', 'kucing', '2022-04-05 08:09:19.632', '2022-04-07 05:56:13.157', 30, '3 kg', NULL, '8e51c362-ba77-43f8-890b-529d961613f0'::uuid);
INSERT INTO public.pawrent_pets (id, name, picture, "type", race, created_at, updated_at, age, weight, deleted_at, parent_id) VALUES('56ae0870-17fe-4b36-9973-b010a8380c45'::uuid, 'kucingnya nopai', 'https://www.google.com/imgres?imgurl=https%3A%2F%2Fimages.pexels.com%2Fphotos%2F1805164%2Fpexels-photo-1805164.jpeg%3Fauto%3Dcompress%26cs%3Dtinysrgb%26dpr%3D1%26w%3D500&imgrefurl=https%3A%2F%2Fwww.pexels.com%2Fsearch%2Fdog%2F&tbnid=D9z6FikNJLH5dM&vet=12ahUKEwj-7JnE5cr2AhVaXWwGHRGzD9sQMygAegUIARDZAQ..i&docid=NzcFCDirz3vE7M&w=500&h=750&q=dog%20pictures&ved=2ahUKEwj-7JnE5cr2AhVaXWwGHRGzD9sQMygAegUIARDZAQ', 'Kucing', 'pom', '2022-04-07 07:12:00.212', '2022-04-11 13:12:31.951', 3, '3 kg', NULL, '5fd0a39b-f75d-493c-b410-7ced84100e38'::uuid);

INSERT INTO public.vet_profiles (id, picture, username, rating, sip, specialization, work_experience, phone, status, consultation_id) VALUES('1494458c-05c7-4505-a35d-7cc27d472ace'::uuid, '', 'Drh. Zheng Jia Lun, Msi, PhD', 5, '1234 5678 8888 8888 8888', 'Jantung', '9', '085386343638', 'On', NULL);
INSERT INTO public.vet_profiles (id, picture, username, rating, sip, specialization, work_experience, phone, status, consultation_id) VALUES('d4eba066-fd39-4f13-aae4-1697639def51'::uuid, '', 'Fatma', 5, '1234 5678 8888 8888 8888', 'Paru-paru', '8', '081283804965', NULL, NULL);
INSERT INTO public.vet_profiles (id, picture, username, rating, sip, specialization, work_experience, phone, status, consultation_id) VALUES('8219d565-628d-4aca-80ae-40a81f4ff8c1'::uuid, '', 'Prof. Drh. Deni Noviana, PhD, DAiCVIM', 5, '1234 5678 8888 8888 8888', 'Hati', '3', '088212345667', NULL, NULL);
INSERT INTO public.vet_profiles (id, picture, username, rating, sip, specialization, work_experience, phone, status, consultation_id) VALUES('303fe0c1-c1e7-496c-9948-feb4f46dc588'::uuid, '', 'Drh. Hamdika Yendri Putra', 5, '1234 5678 8888 8888 8888', 'Perkemihan', '4', '088234567812', NULL, NULL);
INSERT INTO public.vet_profiles (id, picture, username, rating, sip, specialization, work_experience, phone, status, consultation_id) VALUES('f0814c86-8d8e-44ab-9dc6-6ef00f9ecf7c'::uuid, '', 'Siska', 5, '1234 5678 8888 8888 8888', 'Perkemihan', '5', '081290358669', NULL, NULL);
INSERT INTO public.vet_profiles (id, picture, username, rating, sip, specialization, work_experience, phone, status, consultation_id) VALUES('5fbf647f-c4e1-4fee-b65a-9b2b9049776e'::uuid, '', 'Prof. Drh. Tian, Msi, Phd', 5, '1234 5678 8888 8888 8888', 'Pendengaran', '4', '085159363343', NULL, NULL);
INSERT INTO public.vet_profiles (id, picture, username, rating, sip, specialization, work_experience, phone, status, consultation_id) VALUES('d67ac7f6-f576-440a-80d6-4bf9d7f71e76'::uuid, '', 'Drh. Arifin Budiman Nugraha, Msi, PhD', 5, '1234 5678 8888 8888 8888', 'Penglihatan', '3', '088212345678', NULL, NULL);
INSERT INTO public.vet_profiles (id, picture, username, rating, sip, specialization, work_experience, phone, status, consultation_id) VALUES('5a777886-3f39-4095-99d2-372389b571d0'::uuid, '', 'Drh. Arni Diana Fitri, Msi', 5, '1234 5678 8888 8888 8888', 'Pencernaan', '6', '088245678123', NULL, NULL);
INSERT INTO public.vet_profiles (id, picture, username, rating, sip, specialization, work_experience, phone, status, consultation_id) VALUES('ccd3b534-4b3c-44d1-8084-36bafd5b5329'::uuid, '', 'Ezra', 5, '1234 5678 8888 8888 8888', 'Hati', '9', '081931733688', NULL, NULL);
INSERT INTO public.vet_profiles (id, picture, username, rating, sip, specialization, work_experience, phone, status, consultation_id) VALUES('37ed073c-62e4-4f95-b26f-1d904f8edae0'::uuid, '', 'Drh. Mokhamad Fakhrul Ulum, Msi, PhD', 5, '1234 5678 8888 8888 8888', 'Paru-paru', '10', '088267812345', NULL, NULL);
INSERT INTO public.vet_profiles (id, picture, username, rating, sip, specialization, work_experience, phone, status, consultation_id) VALUES('120b4c1d-6d7b-4af3-abe5-42489dec180c'::uuid, '', 'Boni', 5, '1234 5678 8888 8888 8888', 'Otot', '7', '081218908337', NULL, NULL);
INSERT INTO public.vet_profiles (id, picture, username, rating, sip, specialization, work_experience, phone, status, consultation_id) VALUES('5fea4444-a35b-4760-b0d2-408160c57a95'::uuid, '', 'Drh. Dudung Abdullah', 5, '1234 5678 8888 8888 8888', 'Penciuman', '2', '088212334567', NULL, NULL);
INSERT INTO public.vet_profiles (id, picture, username, rating, sip, specialization, work_experience, phone, status, consultation_id) VALUES('42bc2327-df1a-4cda-9b24-55bf6ad593d5'::uuid, '', 'Regita', 5, '1234 5678 8888 8888 8888', 'Pencernaan', '6', '085771488587', NULL, NULL);
INSERT INTO public.vet_profiles (id, picture, username, rating, sip, specialization, work_experience, phone, status, consultation_id) VALUES('9ae1cd4e-0b5b-48ad-8850-62c5b65f28b1'::uuid, '', 'Drh. Danny Umbu', 5, '1234 5678 8888 8888 8888', 'Pendengaran', '11', '088212344567', NULL, NULL);
INSERT INTO public.vet_profiles (id, picture, username, rating, sip, specialization, work_experience, phone, status, consultation_id) VALUES('e6f6e366-7974-458b-87f6-d1e63c73a29c'::uuid, '', 'Drh. Tri Isyani Tunggadewi, Msi', 5, '1234 5678 8888 8888 8888', 'Jantung', '1', '088212345567', NULL, NULL);
INSERT INTO public.vet_profiles (id, picture, username, rating, sip, specialization, work_experience, phone, status, consultation_id) VALUES('c1ae57ab-0143-42dc-9912-339a7eb242f2'::uuid, '', 'Drh. Erly Rizka Adistya', 5, '1234 5678 8888 8888 8888', 'Paru-paru', '5', '088212345677', NULL, NULL);
INSERT INTO public.vet_profiles (id, picture, username, rating, sip, specialization, work_experience, phone, status, consultation_id) VALUES('06e84484-6613-4bb1-a945-71c11bc05756'::uuid, '', 'Drh. Supriyono, Msi, PhD', 5, '1234 5678 8888 8888 8888', 'Pencernaan', '9', '088278123456', NULL, NULL);
INSERT INTO public.vet_profiles (id, picture, username, rating, sip, specialization, work_experience, phone, status, consultation_id) VALUES('757f0c05-f742-4a78-88ec-9129ff3e7aaf'::uuid, '', 'Dr. Drh. Gunanti, MS', 5, '1234 5678 8888 8888 8888', 'Pendengaran', '2', '088223456781', NULL, NULL);
INSERT INTO public.vet_profiles (id, picture, username, rating, sip, specialization, work_experience, phone, status, consultation_id) VALUES('ac44a5a9-276e-412e-b6c8-35eb551dab44'::uuid, '', 'Drh. Nurul Annisa Tuliman', 5, '1234 5678 8888 8888 8888', 'Otot', '7', '088281234567', NULL, NULL);
INSERT INTO public.vet_profiles (id, picture, username, rating, sip, specialization, work_experience, phone, status, consultation_id) VALUES('e6b88508-9adb-4b61-a970-5d20fa182923'::uuid, '', 'Drh. Agus Wijaya, MSc, PhD', 5, '1234 5678 8888 8888 8888', 'Otot', '8', '088256781234', NULL, NULL);

INSERT INTO public.consultations (id, "consultationDate", suggestion, note, pet_id, vet_id, created_at, updated_at, status, problem_id) VALUES('815cf485-75ef-401b-870c-e6068e3b1051'::uuid, '2022-04-11', NULL, NULL, '56ae0870-17fe-4b36-9973-b010a8380c45'::uuid, '1494458c-05c7-4505-a35d-7cc27d472ace'::uuid, '2022-04-11 13:12:55.739', '2022-04-11 13:12:55.739', 'on', NULL);
INSERT INTO public.consultations (id, "consultationDate", suggestion, note, pet_id, vet_id, created_at, updated_at, status, problem_id) VALUES('82b4b091-646f-4c97-8333-db331573fc71'::uuid, '2022-04-11', NULL, NULL, '56ae0870-17fe-4b36-9973-b010a8380c45'::uuid, '1494458c-05c7-4505-a35d-7cc27d472ace'::uuid, '2022-04-11 13:28:41.385', '2022-04-11 13:28:41.385', 'on', NULL);
INSERT INTO public.consultations (id, "consultationDate", suggestion, note, pet_id, vet_id, created_at, updated_at, status, problem_id) VALUES('92666958-8b51-488e-86cc-1e4315b1a592'::uuid, '2022-04-08', NULL, NULL, '2642f732-0ae3-49b8-ae5e-90834ba69028'::uuid, '1494458c-05c7-4505-a35d-7cc27d472ace'::uuid, '2022-04-08 01:15:34.471', '2022-04-08 01:15:34.471', 'on', NULL);
INSERT INTO public.consultations (id, "consultationDate", suggestion, note, pet_id, vet_id, created_at, updated_at, status, problem_id) VALUES('93cbbddd-b1db-4328-9612-4865ff765216'::uuid, '2022-04-11', NULL, NULL, '56ae0870-17fe-4b36-9973-b010a8380c45'::uuid, '1494458c-05c7-4505-a35d-7cc27d472ace'::uuid, '2022-04-11 13:28:36.639', '2022-04-11 13:28:36.639', 'on', NULL);
INSERT INTO public.consultations (id, "consultationDate", suggestion, note, pet_id, vet_id, created_at, updated_at, status, problem_id) VALUES('96bbc9ec-98b0-4efb-ab8e-bac641e8064b'::uuid, '2022-04-11', NULL, NULL, '56ae0870-17fe-4b36-9973-b010a8380c45'::uuid, '1494458c-05c7-4505-a35d-7cc27d472ace'::uuid, '2022-04-11 13:28:41.363', '2022-04-11 13:28:41.363', 'on', NULL);
INSERT INTO public.consultations (id, "consultationDate", suggestion, note, pet_id, vet_id, created_at, updated_at, status, problem_id) VALUES('a9ad3ae8-17c1-4f66-a14c-85a501ae5fb5'::uuid, '2022-04-11', NULL, NULL, '56ae0870-17fe-4b36-9973-b010a8380c45'::uuid, '1494458c-05c7-4505-a35d-7cc27d472ace'::uuid, '2022-04-11 12:56:38.894', '2022-04-11 12:56:38.894', 'on', NULL);
INSERT INTO public.consultations (id, "consultationDate", suggestion, note, pet_id, vet_id, created_at, updated_at, status, problem_id) VALUES('bea82dc0-35ad-431e-909e-26f96dda1153'::uuid, '2022-04-12', 'jangan stress ya', NULL, 'e0b1305e-919c-47fe-847d-39872e52b967'::uuid, '1494458c-05c7-4505-a35d-7cc27d472ace'::uuid, '2022-04-12 16:12:50.911', '2022-04-14 04:15:27.554', 'on', NULL);
INSERT INTO public.consultations (id, "consultationDate", suggestion, note, pet_id, vet_id, created_at, updated_at, status, problem_id) VALUES('c201b0e0-299b-4bbb-9127-52524c47556a'::uuid, '2022-04-08', NULL, NULL, 'b650a1ef-a432-4677-91fe-a7bed72a4293'::uuid, '1494458c-05c7-4505-a35d-7cc27d472ace'::uuid, '2022-04-07 19:15:20.026', '2022-04-07 19:15:20.026', 'on', NULL);
INSERT INTO public.consultations (id, "consultationDate", suggestion, note, pet_id, vet_id, created_at, updated_at, status, problem_id) VALUES('cf46f43b-4e36-4766-aab0-5e8ea5e6f5cf'::uuid, '2022-04-11', NULL, NULL, '56ae0870-17fe-4b36-9973-b010a8380c45'::uuid, '1494458c-05c7-4505-a35d-7cc27d472ace'::uuid, '2022-04-11 13:28:40.723', '2022-04-11 13:28:40.723', 'on', NULL);
INSERT INTO public.consultations (id, "consultationDate", suggestion, note, pet_id, vet_id, created_at, updated_at, status, problem_id) VALUES('dfb7614f-2411-45c4-940e-c86a73c23dd8'::uuid, '2022-04-11', NULL, NULL, '56ae0870-17fe-4b36-9973-b010a8380c45'::uuid, '1494458c-05c7-4505-a35d-7cc27d472ace'::uuid, '2022-04-11 12:56:39.322', '2022-04-11 12:56:39.322', 'on', NULL);
INSERT INTO public.consultations (id, "consultationDate", suggestion, note, pet_id, vet_id, created_at, updated_at, status, problem_id) VALUES('e7418c7d-2874-480e-b880-a6fa86c4dc10'::uuid, '2022-04-07', NULL, NULL, 'c3546555-f8ff-4f9b-a690-78c9965504d1'::uuid, '1494458c-05c7-4505-a35d-7cc27d472ace'::uuid, '2022-04-07 05:56:54.029', '2022-04-07 05:56:54.029', 'on', NULL);
INSERT INTO public.consultations (id, "consultationDate", suggestion, note, pet_id, vet_id, created_at, updated_at, status, problem_id) VALUES('e7efc82f-e34b-4402-8576-25a02d28541d'::uuid, '2022-04-12', NULL, NULL, 'e0b1305e-919c-47fe-847d-39872e52b967'::uuid, '1494458c-05c7-4505-a35d-7cc27d472ace'::uuid, '2022-04-12 16:12:50.862', '2022-04-12 16:12:50.862', 'on', NULL);
INSERT INTO public.consultations (id, "consultationDate", suggestion, note, pet_id, vet_id, created_at, updated_at, status, problem_id) VALUES('ee05e5af-6587-44ef-a09a-93b63b2ec1dc'::uuid, '2022-04-11', NULL, NULL, '56ae0870-17fe-4b36-9973-b010a8380c45'::uuid, '1494458c-05c7-4505-a35d-7cc27d472ace'::uuid, '2022-04-11 13:28:40.889', '2022-04-11 13:28:40.889', 'on', NULL);
INSERT INTO public.consultations (id, "consultationDate", suggestion, note, pet_id, vet_id, created_at, updated_at, status, problem_id) VALUES('f3993b11-4359-4707-ae10-a40914f88edf'::uuid, '2022-04-11', NULL, NULL, '56ae0870-17fe-4b36-9973-b010a8380c45'::uuid, '1494458c-05c7-4505-a35d-7cc27d472ace'::uuid, '2022-04-11 13:28:41.120', '2022-04-11 13:28:41.120', 'on', NULL);
INSERT INTO public.consultations (id, "consultationDate", suggestion, note, pet_id, vet_id, created_at, updated_at, status, problem_id) VALUES('067af7b0-3c70-42b6-8415-f9de7d10addc'::uuid, '2022-04-09', NULL, NULL, 'b650a1ef-a432-4677-91fe-a7bed72a4293'::uuid, '1494458c-05c7-4505-a35d-7cc27d472ace'::uuid, '2022-04-09 05:25:59.011', '2022-04-09 05:25:59.011', 'on', NULL);
INSERT INTO public.consultations (id, "consultationDate", suggestion, note, pet_id, vet_id, created_at, updated_at, status, problem_id) VALUES('08d35f59-f356-4249-be73-bf3e0a20c640'::uuid, '2022-04-12', NULL, NULL, 'e0b1305e-919c-47fe-847d-39872e52b967'::uuid, '1494458c-05c7-4505-a35d-7cc27d472ace'::uuid, '2022-04-12 16:08:00.985', '2022-04-12 16:08:00.985', 'on', NULL);
INSERT INTO public.consultations (id, "consultationDate", suggestion, note, pet_id, vet_id, created_at, updated_at, status, problem_id) VALUES('097d82dd-33fa-473a-b673-03a60e6f47bd'::uuid, '2022-04-11', NULL, NULL, '56ae0870-17fe-4b36-9973-b010a8380c45'::uuid, '1494458c-05c7-4505-a35d-7cc27d472ace'::uuid, '2022-04-11 12:56:39.388', '2022-04-11 12:56:39.388', 'on', NULL);
INSERT INTO public.consultations (id, "consultationDate", suggestion, note, pet_id, vet_id, created_at, updated_at, status, problem_id) VALUES('3be49736-04c5-41af-8856-a3ab217b7397'::uuid, '2022-04-07', ' test dong ', 'Fariz test ni', '2642f732-0ae3-49b8-ae5e-90834ba69028'::uuid, '1494458c-05c7-4505-a35d-7cc27d472ace'::uuid, '2022-04-08 09:26:35.378', '2022-04-08 09:26:35.378', 'Fariz test hehe', NULL);
INSERT INTO public.consultations (id, "consultationDate", suggestion, note, pet_id, vet_id, created_at, updated_at, status, problem_id) VALUES('4300bb9d-9ff9-4016-a7b1-4f234b5f35d2'::uuid, '2022-04-11', NULL, NULL, 'b650a1ef-a432-4677-91fe-a7bed72a4293'::uuid, '1494458c-05c7-4505-a35d-7cc27d472ace'::uuid, '2022-04-11 12:54:21.097', '2022-04-11 12:54:21.097', 'on', NULL);
INSERT INTO public.consultations (id, "consultationDate", suggestion, note, pet_id, vet_id, created_at, updated_at, status, problem_id) VALUES('475a9cef-fb89-4f93-a231-969d5d30608c'::uuid, '2019-08-24', NULL, NULL, 'e0b1305e-919c-47fe-847d-39872e52b967'::uuid, '1494458c-05c7-4505-a35d-7cc27d472ace'::uuid, '2022-04-12 14:08:29.714', '2022-04-12 14:08:29.714', NULL, NULL);
INSERT INTO public.consultations (id, "consultationDate", suggestion, note, pet_id, vet_id, created_at, updated_at, status, problem_id) VALUES('482faac9-43ba-4a57-b98a-1550717871e0'::uuid, '2022-04-07', 'Fariz test', 'Fariz test', '2642f732-0ae3-49b8-ae5e-90834ba69028'::uuid, '1494458c-05c7-4505-a35d-7cc27d472ace'::uuid, '2022-04-08 09:19:54.423', '2022-04-08 09:19:54.423', 'Fariz test', NULL);
INSERT INTO public.consultations (id, "consultationDate", suggestion, note, pet_id, vet_id, created_at, updated_at, status, problem_id) VALUES('4b1f1187-0e25-4779-a146-3aef014bff06'::uuid, '2022-04-07', 'lallaa', 'lalala', '2642f732-0ae3-49b8-ae5e-90834ba69028'::uuid, '1494458c-05c7-4505-a35d-7cc27d472ace'::uuid, '2022-04-08 09:06:32.302', '2022-04-08 09:06:32.302', 'lalal', NULL);
INSERT INTO public.consultations (id, "consultationDate", suggestion, note, pet_id, vet_id, created_at, updated_at, status, problem_id) VALUES('51bfc4f8-e09a-45c6-983a-425241dd4801'::uuid, '2022-04-07', 'Fariz test', 'Fariz test', '2642f732-0ae3-49b8-ae5e-90834ba69028'::uuid, '1494458c-05c7-4505-a35d-7cc27d472ace'::uuid, '2022-04-08 09:19:30.784', '2022-04-08 09:19:30.784', 'Fariz test', NULL);
INSERT INTO public.consultations (id, "consultationDate", suggestion, note, pet_id, vet_id, created_at, updated_at, status, problem_id) VALUES('55d80091-6b7d-4869-a991-70159a2f4133'::uuid, '2022-04-11', NULL, NULL, '56ae0870-17fe-4b36-9973-b010a8380c45'::uuid, '1494458c-05c7-4505-a35d-7cc27d472ace'::uuid, '2022-04-11 12:55:59.250', '2022-04-11 12:55:59.250', 'on', NULL);
INSERT INTO public.consultations (id, "consultationDate", suggestion, note, pet_id, vet_id, created_at, updated_at, status, problem_id) VALUES('5b3ac811-f10c-45ea-8049-23ed1a7f150b'::uuid, '2022-04-11', NULL, NULL, 'b650a1ef-a432-4677-91fe-a7bed72a4293'::uuid, '1494458c-05c7-4505-a35d-7cc27d472ace'::uuid, '2022-04-11 12:54:07.355', '2022-04-11 12:54:07.355', 'on', NULL);
INSERT INTO public.consultations (id, "consultationDate", suggestion, note, pet_id, vet_id, created_at, updated_at, status, problem_id) VALUES('5e305fea-aa4c-4c08-b256-6429d9b813f1'::uuid, '2022-04-07', NULL, NULL, 'e0b1305e-919c-47fe-847d-39872e52b967'::uuid, '1494458c-05c7-4505-a35d-7cc27d472ace'::uuid, '2022-04-06 19:25:39.809', '2022-04-06 19:25:39.809', 'on', NULL);
INSERT INTO public.consultations (id, "consultationDate", suggestion, note, pet_id, vet_id, created_at, updated_at, status, problem_id) VALUES('67e848ec-91a3-4883-973b-4bf50b086fb5'::uuid, '2022-04-11', NULL, NULL, '56ae0870-17fe-4b36-9973-b010a8380c45'::uuid, '1494458c-05c7-4505-a35d-7cc27d472ace'::uuid, '2022-04-11 12:56:38.299', '2022-04-11 12:56:38.299', 'on', NULL);
INSERT INTO public.consultations (id, "consultationDate", suggestion, note, pet_id, vet_id, created_at, updated_at, status, problem_id) VALUES('72515f77-1fbd-4ec8-8230-d2c752f0e459'::uuid, '2022-04-11', NULL, NULL, 'b650a1ef-a432-4677-91fe-a7bed72a4293'::uuid, '1494458c-05c7-4505-a35d-7cc27d472ace'::uuid, '2022-04-11 12:54:52.771', '2022-04-11 12:54:52.771', 'on', NULL);
INSERT INTO public.consultations (id, "consultationDate", suggestion, note, pet_id, vet_id, created_at, updated_at, status, problem_id) VALUES('7e998ee2-df6e-47e0-9d7a-c6c4a1deaf3f'::uuid, '2022-04-11', NULL, NULL, '56ae0870-17fe-4b36-9973-b010a8380c45'::uuid, '1494458c-05c7-4505-a35d-7cc27d472ace'::uuid, '2022-04-11 12:56:39.869', '2022-04-11 12:56:39.869', 'on', NULL);
